Time,Hex,Event_No,IN_1,IN_2,IN_3,IN_4,IN_5,IN_6,IN_7,IN_8,IN_9,IN_10,IN_11,IN_12,IN_13,IN_14,IN_15,IN_16
17:03:28.473,0xFF01,1,1,0,0,0,0,0,0,0,1,1,1,1,1,1,1,1
17:03:28.483,0xFF01,2,1,0,0,0,0,0,0,0,1,1,1,1,1,1,1,1
17:03:28.493,0xFF01,3,1,0,0,0,0,0,0,0,1,1,1,1,1,1,1,1
17:03:28.503,0xFF01,4,1,0,0,0,0,0,0,0,1,1,1,1,1,1,1,1
17:03:28.513,0xFF01,5,1,0,0,0,0,0,0,0,1,1,1,1,1,1,1,1
17:03:28.523,0xFF01,6,1,0,0,0,0,0,0,0,1,1,1,1,1,1,1,1
17:03:28.533,0xFF01,7,1,0,0,0,0,0,0,0,1,1,1,1,1,1,1,1
17:03:28.543,0xFF03,8,1,1,0,0,0,0,0,0,1,1,1,1,1,1,1,1
17:03:28.553,0xFF03,9,1,1,0,0,0,0,0,0,1,1,1,1,1,1,1,1
17:03:28.563,0xFF01,10,1,0,0,0,0,0,0,0,1,1,1,1,1,1,1,1
17:03:28.573,0xFF01,11,1,0,0,0,0,0,0,0,1,1,1,1,1,1,1,1
17:03:28.583,0xFF01,12,1,0,0,0,0,0,0,0,1,1,1,1,1,1,1,1
17:03:28.593,0xFF01,13,1,0,0,0,0,0,0,0,1,1,1,1,1,1,1,1
17:03:28.603,0xFF01,14,1,0,0,0,0,0,0,0,1,1,1,1,1,1,1,1
17:03:28.613,0xFF01,15,1,0,0,0,0,0,0,0,1,1,1,1,1,1,1,1
17:03:28.623,0xFF01,16,1,0,0,0,0,0,0,0,1,1,1,1,1,1,1,1
17:03:28.633,0xFF01,17,1,0,0,0,0,0,0,0,1,1,1,1,1,1,1,1
17:03:28.643,0xFF01,18,1,0,0,0,0,0,0,0,1,1,1,1,1,1,1,1
17:03:28.653,0xFF01,19,1,0,0,0,0,0,0,0,1,1,1,1,1,1,1,1
17:03:28.663,0xFF03,20,1,1,0,0,0,0,0,0,1,1,1,1,1,1,1,1
17:03:28.673,0xFF03,21,1,1,0,0,0,0,0,0,1,1,1,1,1,1,1,1
17:03:28.683,0xFF01,22,1,0,0,0,0,0,0,0,1,1,1,1,1,1,1,1
17:03:28.692,0xFF01,23,1,0,0,0,0,0,0,0,1,1,1,1,1,1,1,1
17:03:28.702,0xFF01,24,1,0,0,0,0,0,0,0,1,1,1,1,1,1,1,1
17:03:28.712,0xFF01,25,1,0,0,0,0,0,0,0,1,1,1,1,1,1,1,1
17:03:28.722,0xFF01,26,1,0,0,0,0,0,0,0,1,1,1,1,1,1,1,1
17:03:28.732,0xFF01,27,1,0,0,0,0,0,0,0,1,1,1,1,1,1,1,1
17:03:28.742,0xFF01,28,1,0,0,0,0,0,0,0,1,1,1,1,1,1,1,1
17:03:28.752,0xFF03,29,1,1,0,0,0,0,0,0,1,1,1,1,1,1,1,1
17:03:28.762,0xFF01,30,1,0,0,0,0,0,0,0,1,1,1,1,1,1,1,1
17:03:28.772,0xFF01,31,1,0,0,0,0,0,0,0,1,1,1,1,1,1,1,1
17:03:28.782,0xFF03,32,1,1,0,0,0,0,0,0,1,1,1,1,1,1,1,1
17:03:28.792,0xFF03,33,1,1,0,0,0,0,0,0,1,1,1,1,1,1,1,1
17:03:28.802,0xFF01,34,1,0,0,0,0,0,0,0,1,1,1,1,1,1,1,1
17:03:28.812,0xFF01,35,1,0,0,0,0,0,0,0,1,1,1,1,1,1,1,1
17:03:28.822,0xFF01,36,1,0,0,0,0,0,0,0,1,1,1,1,1,1,1,1
17:03:28.832,0xFF01,37,1,0,0,0,0,0,0,0,1,1,1,1,1,1,1,1
17:03:28.842,0xFF01,38,1,0,0,0,0,0,0,0,1,1,1,1,1,1,1,1
17:03:28.852,0xFF01,39,1,0,0,0,0,0,0,0,1,1,1,1,1,1,1,1
17:03:28.862,0xFF01,40,1,0,0,0,0,0,0,0,1,1,1,1,1,1,1,1
17:03:28.872,0xFF03,41,1,1,0,0,0,0,0,0,1,1,1,1,1,1,1,1
17:03:28.882,0xFF01,42,1,0,0,0,0,0,0,0,1,1,1,1,1,1,1,1
17:03:28.892,0xFF01,43,1,0,0,0,0,0,0,0,1,1,1,1,1,1,1,1
17:03:28.902,0xFF01,44,1,0,0,0,0,0,0,0,1,1,1,1,1,1,1,1
17:03:28.912,0xFF03,45,1,1,0,0,0,0,0,0,1,1,1,1,1,1,1,1
17:03:28.922,0xFF01,46,1,0,0,0,0,0,0,0,1,1,1,1,1,1,1,1
17:03:28.932,0xFF01,47,1,0,0,0,0,0,0,0,1,1,1,1,1,1,1,1
17:03:28.942,0xFF01,48,1,0,0,0,0,0,0,0,1,1,1,1,1,1,1,1
17:03:28.952,0xFF01,49,1,0,0,0,0,0,0,0,1,1,1,1,1,1,1,1
17:03:28.962,0xFF01,50,1,0,0,0,0,0,0,0,1,1,1,1,1,1,1,1
17:03:28.972,0xFF01,51,1,0,0,0,0,0,0,0,1,1,1,1,1,1,1,1
17:03:28.982,0xFF01,52,1,0,0,0,0,0,0,0,1,1,1,1,1,1,1,1
17:03:28.992,0xFF01,53,1,0,0,0,0,0,0,0,1,1,1,1,1,1,1,1
17:03:29.002,0xFF01,54,1,0,0,0,0,0,0,0,1,1,1,1,1,1,1,1
17:03:29.012,0xFF01,55,1,0,0,0,0,0,0,0,1,1,1,1,1,1,1,1
17:03:29.022,0xFF03,56,1,1,0,0,0,0,0,0,1,1,1,1,1,1,1,1
17:03:29.032,0xFF03,57,1,1,0,0,0,0,0,0,1,1,1,1,1,1,1,1
17:03:29.042,0xFF01,58,1,0,0,0,0,0,0,0,1,1,1,1,1,1,1,1
17:03:29.052,0xFF01,59,1,0,0,0,0,0,0,0,1,1,1,1,1,1,1,1
17:03:29.062,0xFF01,60,1,0,0,0,0,0,0,0,1,1,1,1,1,1,1,1
17:03:29.072,0xFF01,61,1,0,0,0,0,0,0,0,1,1,1,1,1,1,1,1
17:03:29.082,0xFF01,62,1,0,0,0,0,0,0,0,1,1,1,1,1,1,1,1
17:03:29.092,0xFF01,63,1,0,0,0,0,0,0,0,1,1,1,1,1,1,1,1
17:03:29.102,0xFF01,64,1,0,0,0,0,0,0,0,1,1,1,1,1,1,1,1
17:03:29.112,0xFF03,65,1,1,0,0,0,0,0,0,1,1,1,1,1,1,1,1
17:03:29.122,0xFF01,66,1,0,0,0,0,0,0,0,1,1,1,1,1,1,1,1
17:03:29.132,0xFF01,67,1,0,0,0,0,0,0,0,1,1,1,1,1,1,1,1
17:03:29.142,0xFF03,68,1,1,0,0,0,0,0,0,1,1,1,1,1,1,1,1
17:03:29.152,0xFF03,69,1,1,0,0,0,0,0,0,1,1,1,1,1,1,1,1
17:03:29.162,0xFF01,70,1,0,0,0,0,0,0,0,1,1,1,1,1,1,1,1
17:03:29.172,0xFF01,71,1,0,0,0,0,0,0,0,1,1,1,1,1,1,1,1
17:03:29.192,0xFF01,72,1,0,0,0,0,0,0,0,1,1,1,1,1,1,1,1
17:03:29.202,0xFF01,73,1,0,0,0,0,0,0,0,1,1,1,1,1,1,1,1
17:03:29.212,0xFF01,74,1,0,0,0,0,0,0,0,1,1,1,1,1,1,1,1
17:03:29.222,0xFF01,75,1,0,0,0,0,0,0,0,1,1,1,1,1,1,1,1
17:03:29.232,0xFF01,76,1,0,0,0,0,0,0,0,1,1,1,1,1,1,1,1
17:03:29.242,0xFF01,77,1,0,0,0,0,0,0,0,1,1,1,1,1,1,1,1
17:03:29.252,0xFF01,78,1,0,0,0,0,0,0,0,1,1,1,1,1,1,1,1
17:03:29.262,0xFF01,79,1,0,0,0,0,0,0,0,1,1,1,1,1,1,1,1
17:03:29.272,0xFF03,80,1,1,0,0,0,0,0,0,1,1,1,1,1,1,1,1
17:03:29.282,0xFF01,81,1,0,0,0,0,0,0,0,1,1,1,1,1,1,1,1
17:03:29.292,0xFF01,82,1,0,0,0,0,0,0,0,1,1,1,1,1,1,1,1
17:03:29.302,0xFF01,83,1,0,0,0,0,0,0,0,1,1,1,1,1,1,1,1
17:03:29.311,0xFF01,84,1,0,0,0,0,0,0,0,1,1,1,1,1,1,1,1
17:03:29.321,0xFF01,85,1,0,0,0,0,0,0,0,1,1,1,1,1,1,1,1
17:03:29.331,0xFF01,86,1,0,0,0,0,0,0,0,1,1,1,1,1,1,1,1
17:03:29.341,0xFF01,87,1,0,0,0,0,0,0,0,1,1,1,1,1,1,1,1
17:03:29.351,0xFF03,88,1,1,0,0,0,0,0,0,1,1,1,1,1,1,1,1
17:03:29.361,0xFF01,89,1,0,0,0,0,0,0,0,1,1,1,1,1,1,1,1
17:03:29.371,0xFF01,90,1,0,0,0,0,0,0,0,1,1,1,1,1,1,1,1
17:03:29.381,0xFF01,91,1,0,0,0,0,0,0,0,1,1,1,1,1,1,1,1
17:03:29.391,0xFF03,92,1,1,0,0,0,0,0,0,1,1,1,1,1,1,1,1
17:03:29.401,0xFF01,93,1,0,0,0,0,0,0,0,1,1,1,1,1,1,1,1
17:03:29.411,0xFF01,94,1,0,0,0,0,0,0,0,1,1,1,1,1,1,1,1
17:03:29.421,0xFF01,95,1,0,0,0,0,0,0,0,1,1,1,1,1,1,1,1
17:03:29.431,0xFF01,96,1,0,0,0,0,0,0,0,1,1,1,1,1,1,1,1
17:03:29.441,0xFF01,97,1,0,0,0,0,0,0,0,1,1,1,1,1,1,1,1
17:03:29.451,0xFF01,98,1,0,0,0,0,0,0,0,1,1,1,1,1,1,1,1
17:03:29.461,0xFF01,99,1,0,0,0,0,0,0,0,1,1,1,1,1,1,1,1
17:03:29.471,0xFF01,100,1,0,0,0,0,0,0,0,1,1,1,1,1,1,1,1
17:03:29.481,0xFF01,101,1,0,0,0,0,0,0,0,1,1,1,1,1,1,1,1
17:03:29.491,0xFF01,102,1,0,0,0,0,0,0,0,1,1,1,1,1,1,1,1
17:03:29.501,0xFF01,103,1,0,0,0,0,0,0,0,1,1,1,1,1,1,1,1
17:03:29.511,0xFF03,104,1,1,0,0,0,0,0,0,1,1,1,1,1,1,1,1
17:03:29.521,0xFF01,105,1,0,0,0,0,0,0,0,1,1,1,1,1,1,1,1
17:03:29.531,0xFF01,106,1,0,0,0,0,0,0,0,1,1,1,1,1,1,1,1
17:03:29.541,0xFF01,107,1,0,0,0,0,0,0,0,1,1,1,1,1,1,1,1
17:03:29.551,0xFF01,108,1,0,0,0,0,0,0,0,1,1,1,1,1,1,1,1
17:03:29.561,0xFF01,109,1,0,0,0,0,0,0,0,1,1,1,1,1,1,1,1
17:03:29.571,0xFF01,110,1,0,0,0,0,0,0,0,1,1,1,1,1,1,1,1
17:03:29.581,0xFF01,111,1,0,0,0,0,0,0,0,1,1,1,1,1,1,1,1
17:03:29.591,0xFF01,112,1,0,0,0,0,0,0,0,1,1,1,1,1,1,1,1
17:03:29.601,0xFF01,113,1,0,0,0,0,0,0,0,1,1,1,1,1,1,1,1
17:03:29.611,0xFF01,114,1,0,0,0,0,0,0,0,1,1,1,1,1,1,1,1
17:03:29.621,0xFF01,115,1,0,0,0,0,0,0,0,1,1,1,1,1,1,1,1
17:03:29.631,0xFF03,116,1,1,0,0,0,0,0,0,1,1,1,1,1,1,1,1
17:03:29.641,0xFF01,117,1,0,0,0,0,0,0,0,1,1,1,1,1,1,1,1
17:03:29.651,0xFF01,118,1,0,0,0,0,0,0,0,1,1,1,1,1,1,1,1
17:03:29.661,0xFF01,119,1,0,0,0,0,0,0,0,1,1,1,1,1,1,1,1
17:03:29.671,0xFF01,120,1,0,0,0,0,0,0,0,1,1,1,1,1,1,1,1
17:03:29.681,0xFF01,121,1,0,0,0,0,0,0,0,1,1,1,1,1,1,1,1
17:03:29.691,0xFF01,122,1,0,0,0,0,0,0,0,1,1,1,1,1,1,1,1
17:03:29.701,0xFF01,123,1,0,0,0,0,0,0,0,1,1,1,1,1,1,1,1
17:03:29.711,0xFF03,124,1,1,0,0,0,0,0,0,1,1,1,1,1,1,1,1
17:03:29.721,0xFF01,125,1,0,0,0,0,0,0,0,1,1,1,1,1,1,1,1
17:03:29.731,0xFF01,126,1,0,0,0,0,0,0,0,1,1,1,1,1,1,1,1
17:03:29.741,0xFF01,127,1,0,0,0,0,0,0,0,1,1,1,1,1,1,1,1
17:03:29.751,0xFF03,128,1,1,0,0,0,0,0,0,1,1,1,1,1,1,1,1
17:03:29.761,0xFF01,129,1,0,0,0,0,0,0,0,1,1,1,1,1,1,1,1
17:03:29.771,0xFF01,130,1,0,0,0,0,0,0,0,1,1,1,1,1,1,1,1
17:03:29.781,0xFF01,131,1,0,0,0,0,0,0,0,1,1,1,1,1,1,1,1
17:03:29.791,0xFF01,132,1,0,0,0,0,0,0,0,1,1,1,1,1,1,1,1
17:03:29.801,0xFF01,133,1,0,0,0,0,0,0,0,1,1,1,1,1,1,1,1
17:03:29.811,0xFF01,134,1,0,0,0,0,0,0,0,1,1,1,1,1,1,1,1
17:03:29.821,0xFF01,135,1,0,0,0,0,0,0,0,1,1,1,1,1,1,1,1
17:03:29.831,0xFF01,136,1,0,0,0,0,0,0,0,1,1,1,1,1,1,1,1
17:03:29.841,0xFF01,137,1,0,0,0,0,0,0,0,1,1,1,1,1,1,1,1
17:03:29.851,0xFF01,138,1,0,0,0,0,0,0,0,1,1,1,1,1,1,1,1
17:03:29.861,0xFF01,139,1,0,0,0,0,0,0,0,1,1,1,1,1,1,1,1
17:03:29.871,0xFF03,140,1,1,0,0,0,0,0,0,1,1,1,1,1,1,1,1
17:03:29.881,0xFF01,141,1,0,0,0,0,0,0,0,1,1,1,1,1,1,1,1
17:03:29.890,0xFF01,142,1,0,0,0,0,0,0,0,1,1,1,1,1,1,1,1
17:03:29.900,0xFF01,143,1,0,0,0,0,0,0,0,1,1,1,1,1,1,1,1
17:03:29.910,0xFF03,144,1,1,0,0,0,0,0,0,1,1,1,1,1,1,1,1
17:03:29.920,0xFF03,145,1,1,0,0,0,0,0,0,1,1,1,1,1,1,1,1
17:03:29.930,0xFF03,146,1,1,0,0,0,0,0,0,1,1,1,1,1,1,1,1
17:03:29.940,0xFF03,147,1,1,0,0,0,0,0,0,1,1,1,1,1,1,1,1
17:03:29.950,0xFF03,148,1,1,0,0,0,0,0,0,1,1,1,1,1,1,1,1
17:03:29.960,0xFF01,149,1,0,0,0,0,0,0,0,1,1,1,1,1,1,1,1
17:03:29.970,0xFF01,150,1,0,0,0,0,0,0,0,1,1,1,1,1,1,1,1
17:03:29.980,0xFF01,151,1,0,0,0,0,0,0,0,1,1,1,1,1,1,1,1
17:03:29.990,0xFF03,152,1,1,0,0,0,0,0,0,1,1,1,1,1,1,1,1
17:03:30.000,0xFF01,153,1,0,0,0,0,0,0,0,1,1,1,1,1,1,1,1
17:03:30.010,0xFF01,154,1,0,0,0,0,0,0,0,1,1,1,1,1,1,1,1
17:03:30.020,0xFF01,155,1,0,0,0,0,0,0,0,1,1,1,1,1,1,1,1
17:03:30.030,0xFF01,156,1,0,0,0,0,0,0,0,1,1,1,1,1,1,1,1
17:03:30.040,0xFF01,157,1,0,0,0,0,0,0,0,1,1,1,1,1,1,1,1
17:03:30.050,0xFF01,158,1,0,0,0,0,0,0,0,1,1,1,1,1,1,1,1
17:03:30.060,0xFF01,159,1,0,0,0,0,0,0,0,1,1,1,1,1,1,1,1
17:03:30.070,0xFF01,160,1,0,0,0,0,0,0,0,1,1,1,1,1,1,1,1
17:03:30.080,0xFF01,161,1,0,0,0,0,0,0,0,1,1,1,1,1,1,1,1
17:03:30.090,0xFF01,162,1,0,0,0,0,0,0,0,1,1,1,1,1,1,1,1
17:03:30.100,0xFF01,163,1,0,0,0,0,0,0,0,1,1,1,1,1,1,1,1
17:03:30.110,0xFF03,164,1,1,0,0,0,0,0,0,1,1,1,1,1,1,1,1
17:03:30.120,0xFF01,165,1,0,0,0,0,0,0,0,1,1,1,1,1,1,1,1
17:03:30.130,0xFF01,166,1,0,0,0,0,0,0,0,1,1,1,1,1,1,1,1
17:03:30.140,0xFF01,167,1,0,0,0,0,0,0,0,1,1,1,1,1,1,1,1
17:03:30.150,0xFF01,168,1,0,0,0,0,0,0,0,1,1,1,1,1,1,1,1
17:03:30.160,0xFF01,169,1,0,0,0,0,0,0,0,1,1,1,1,1,1,1,1
17:03:30.170,0xFF01,170,1,0,0,0,0,0,0,0,1,1,1,1,1,1,1,1
17:03:30.190,0xFF03,171,1,1,0,0,0,0,0,0,1,1,1,1,1,1,1,1
17:03:30.200,0xFF01,172,1,0,0,0,0,0,0,0,1,1,1,1,1,1,1,1
17:03:30.211,0xFF01,173,1,0,0,0,0,0,0,0,1,1,1,1,1,1,1,1
17:03:30.220,0xFF01,174,1,0,0,0,0,0,0,0,1,1,1,1,1,1,1,1
17:03:30.230,0xFF03,175,1,1,0,0,0,0,0,0,1,1,1,1,1,1,1,1
17:03:30.240,0xFF01,176,1,0,0,0,0,0,0,0,1,1,1,1,1,1,1,1
17:03:30.250,0xFF01,177,1,0,0,0,0,0,0,0,1,1,1,1,1,1,1,1
17:03:30.260,0xFF01,178,1,0,0,0,0,0,0,0,1,1,1,1,1,1,1,1
17:03:30.270,0xFF01,179,1,0,0,0,0,0,0,0,1,1,1,1,1,1,1,1
17:03:30.280,0xFF01,180,1,0,0,0,0,0,0,0,1,1,1,1,1,1,1,1
17:03:30.290,0xFF01,181,1,0,0,0,0,0,0,0,1,1,1,1,1,1,1,1
17:03:30.300,0xFF01,182,1,0,0,0,0,0,0,0,1,1,1,1,1,1,1,1
17:03:30.310,0xFF03,183,1,1,0,0,0,0,0,0,1,1,1,1,1,1,1,1
17:03:30.320,0xFF01,184,1,0,0,0,0,0,0,0,1,1,1,1,1,1,1,1
17:03:30.330,0xFF01,185,1,0,0,0,0,0,0,0,1,1,1,1,1,1,1,1
17:03:30.340,0xFF01,186,1,0,0,0,0,0,0,0,1,1,1,1,1,1,1,1
17:03:30.350,0xFF03,187,1,1,0,0,0,0,0,0,1,1,1,1,1,1,1,1
17:03:30.360,0xFF01,188,1,0,0,0,0,0,0,0,1,1,1,1,1,1,1,1
17:03:30.370,0xFF01,189,1,0,0,0,0,0,0,0,1,1,1,1,1,1,1,1
17:03:30.380,0xFF01,190,1,0,0,0,0,0,0,0,1,1,1,1,1,1,1,1
17:03:30.390,0xFF01,191,1,0,0,0,0,0,0,0,1,1,1,1,1,1,1,1
17:03:30.400,0xFF01,192,1,0,0,0,0,0,0,0,1,1,1,1,1,1,1,1
17:03:30.410,0xFF01,193,1,0,0,0,0,0,0,0,1,1,1,1,1,1,1,1
17:03:30.420,0xFF01,194,1,0,0,0,0,0,0,0,1,1,1,1,1,1,1,1
17:03:30.430,0xFF01,195,1,0,0,0,0,0,0,0,1,1,1,1,1,1,1,1
17:03:30.440,0xFF01,196,1,0,0,0,0,0,0,0,1,1,1,1,1,1,1,1
17:03:30.450,0xFF01,197,1,0,0,0,0,0,0,0,1,1,1,1,1,1,1,1
17:03:30.460,0xFF01,198,1,0,0,0,0,0,0,0,1,1,1,1,1,1,1,1
17:03:30.470,0xFF03,199,1,1,0,0,0,0,0,0,1,1,1,1,1,1,1,1
17:03:30.479,0xFF01,200,1,0,0,0,0,0,0,0,1,1,1,1,1,1,1,1
17:03:30.489,0xFF01,201,1,0,0,0,0,0,0,0,1,1,1,1,1,1,1,1
17:03:30.499,0xFF01,202,1,0,0,0,0,0,0,0,1,1,1,1,1,1,1,1
17:03:30.509,0xFF01,203,1,0,0,0,0,0,0,0,1,1,1,1,1,1,1,1
17:03:30.519,0xFF01,204,1,0,0,0,0,0,0,0,1,1,1,1,1,1,1,1
17:03:30.529,0xFF01,205,1,0,0,0,0,0,0,0,1,1,1,1,1,1,1,1
17:03:30.539,0xFF01,206,1,0,0,0,0,0,0,0,1,1,1,1,1,1,1,1
17:03:30.549,0xFF01,207,1,0,0,0,0,0,0,0,1,1,1,1,1,1,1,1
17:03:30.559,0xFF01,208,1,0,0,0,0,0,0,0,1,1,1,1,1,1,1,1
17:03:30.569,0xFF01,209,1,0,0,0,0,0,0,0,1,1,1,1,1,1,1,1
17:03:30.579,0xFF01,210,1,0,0,0,0,0,0,0,1,1,1,1,1,1,1,1
17:03:30.589,0xFF03,211,1,1,0,0,0,0,0,0,1,1,1,1,1,1,1,1
17:03:30.599,0xFF01,212,1,0,0,0,0,0,0,0,1,1,1,1,1,1,1,1
17:03:30.609,0xFF01,213,1,0,0,0,0,0,0,0,1,1,1,1,1,1,1,1
17:03:30.619,0xFF01,214,1,0,0,0,0,0,0,0,1,1,1,1,1,1,1,1
17:03:30.629,0xFF01,215,1,0,0,0,0,0,0,0,1,1,1,1,1,1,1,1
17:03:30.639,0xFF01,216,1,0,0,0,0,0,0,0,1,1,1,1,1,1,1,1
17:03:30.649,0xFF01,217,1,0,0,0,0,0,0,0,1,1,1,1,1,1,1,1
17:03:30.659,0xFF01,218,1,0,0,0,0,0,0,0,1,1,1,1,1,1,1,1
17:03:30.669,0xFF01,219,1,0,0,0,0,0,0,0,1,1,1,1,1,1,1,1
17:03:30.679,0xFF01,220,1,0,0,0,0,0,0,0,1,1,1,1,1,1,1,1
17:03:30.689,0xFF01,221,1,0,0,0,0,0,0,0,1,1,1,1,1,1,1,1
17:03:30.699,0xFF01,222,1,0,0,0,0,0,0,0,1,1,1,1,1,1,1,1
17:03:30.709,0xFF03,223,1,1,0,0,0,0,0,0,1,1,1,1,1,1,1,1
17:03:30.719,0xFF01,224,1,0,0,0,0,0,0,0,1,1,1,1,1,1,1,1
17:03:30.729,0xFF01,225,1,0,0,0,0,0,0,0,1,1,1,1,1,1,1,1
17:03:30.739,0xFF01,226,1,0,0,0,0,0,0,0,1,1,1,1,1,1,1,1
17:03:30.749,0xFF01,227,1,0,0,0,0,0,0,0,1,1,1,1,1,1,1,1
17:03:30.759,0xFF01,228,1,0,0,0,0,0,0,0,1,1,1,1,1,1,1,1
17:03:30.769,0xFF01,229,1,0,0,0,0,0,0,0,1,1,1,1,1,1,1,1
17:03:30.779,0xFF01,230,1,0,0,0,0,0,0,0,1,1,1,1,1,1,1,1
17:03:30.789,0xFF01,231,1,0,0,0,0,0,0,0,1,1,1,1,1,1,1,1
17:03:30.799,0xFF01,232,1,0,0,0,0,0,0,0,1,1,1,1,1,1,1,1
17:03:30.809,0xFF01,233,1,0,0,0,0,0,0,0,1,1,1,1,1,1,1,1
17:03:30.819,0xFF01,234,1,0,0,0,0,0,0,0,1,1,1,1,1,1,1,1
17:03:30.829,0xFF03,235,1,1,0,0,0,0,0,0,1,1,1,1,1,1,1,1
17:03:30.839,0xFF01,236,1,0,0,0,0,0,0,0,1,1,1,1,1,1,1,1
17:03:30.849,0xFF01,237,1,0,0,0,0,0,0,0,1,1,1,1,1,1,1,1
17:03:30.859,0xFF01,238,1,0,0,0,0,0,0,0,1,1,1,1,1,1,1,1
17:03:30.869,0xFF01,239,1,0,0,0,0,0,0,0,1,1,1,1,1,1,1,1
17:03:30.879,0xFF01,240,1,0,0,0,0,0,0,0,1,1,1,1,1,1,1,1
17:03:30.889,0xFF01,241,1,0,0,0,0,0,0,0,1,1,1,1,1,1,1,1
17:03:30.899,0xFF01,242,1,0,0,0,0,0,0,0,1,1,1,1,1,1,1,1
17:03:30.909,0xFF01,243,1,0,0,0,0,0,0,0,1,1,1,1,1,1,1,1
17:03:30.919,0xFF01,244,1,0,0,0,0,0,0,0,1,1,1,1,1,1,1,1
17:03:30.929,0xFF01,245,1,0,0,0,0,0,0,0,1,1,1,1,1,1,1,1
17:03:30.939,0xFF01,246,1,0,0,0,0,0,0,0,1,1,1,1,1,1,1,1
17:03:30.949,0xFF03,247,1,1,0,0,0,0,0,0,1,1,1,1,1,1,1,1
17:03:30.959,0xFF01,248,1,0,0,0,0,0,0,0,1,1,1,1,1,1,1,1
17:03:30.969,0xFF01,249,1,0,0,0,0,0,0,0,1,1,1,1,1,1,1,1
17:03:30.979,0xFF01,250,1,0,0,0,0,0,0,0,1,1,1,1,1,1,1,1
17:03:30.989,0xFF01,251,1,0,0,0,0,0,0,0,1,1,1,1,1,1,1,1
17:03:30.999,0xFF01,252,1,0,0,0,0,0,0,0,1,1,1,1,1,1,1,1
17:03:31.009,0xFF01,253,1,0,0,0,0,0,0,0,1,1,1,1,1,1,1,1
17:03:31.019,0xFF01,254,1,0,0,0,0,0,0,0,1,1,1,1,1,1,1,1
17:03:31.029,0xFF03,255,1,1,0,0,0,0,0,0,1,1,1,1,1,1,1,1
17:03:31.039,0xFF01,256,1,0,0,0,0,0,0,0,1,1,1,1,1,1,1,1
17:03:31.049,0xFF01,257,1,0,0,0,0,0,0,0,1,1,1,1,1,1,1,1
17:03:31.058,0xFF01,258,1,0,0,0,0,0,0,0,1,1,1,1,1,1,1,1
17:03:31.068,0xFF03,259,1,1,0,0,0,0,0,0,1,1,1,1,1,1,1,1
17:03:31.078,0xFF01,260,1,0,0,0,0,0,0,0,1,1,1,1,1,1,1,1
17:03:31.088,0xFF01,261,1,0,0,0,0,0,0,0,1,1,1,1,1,1,1,1
17:03:31.098,0xFF01,262,1,0,0,0,0,0,0,0,1,1,1,1,1,1,1,1
17:03:31.108,0xFF01,263,1,0,0,0,0,0,0,0,1,1,1,1,1,1,1,1
17:03:31.118,0xFF01,264,1,0,0,0,0,0,0,0,1,1,1,1,1,1,1,1
17:03:31.128,0xFF01,265,1,0,0,0,0,0,0,0,1,1,1,1,1,1,1,1
17:03:31.139,0xFF01,266,1,0,0,0,0,0,0,0,1,1,1,1,1,1,1,1
17:03:31.148,0xFF01,267,1,0,0,0,0,0,0,0,1,1,1,1,1,1,1,1
17:03:31.158,0xFF01,268,1,0,0,0,0,0,0,0,1,1,1,1,1,1,1,1
17:03:31.168,0xFF01,269,1,0,0,0,0,0,0,0,1,1,1,1,1,1,1,1
17:03:31.188,0xFF03,270,1,1,0,0,0,0,0,0,1,1,1,1,1,1,1,1
17:03:31.198,0xFF01,271,1,0,0,0,0,0,0,0,1,1,1,1,1,1,1,1
17:03:31.208,0xFF01,272,1,0,0,0,0,0,0,0,1,1,1,1,1,1,1,1
17:03:31.218,0xFF01,273,1,0,0,0,0,0,0,0,1,1,1,1,1,1,1,1
17:03:31.228,0xFF01,274,1,0,0,0,0,0,0,0,1,1,1,1,1,1,1,1
17:03:31.238,0xFF01,275,1,0,0,0,0,0,0,0,1,1,1,1,1,1,1,1
17:03:31.248,0xFF01,276,1,0,0,0,0,0,0,0,1,1,1,1,1,1,1,1
17:03:31.258,0xFF01,277,1,0,0,0,0,0,0,0,1,1,1,1,1,1,1,1
17:03:31.268,0xFF01,278,1,0,0,0,0,0,0,0,1,1,1,1,1,1,1,1
17:03:31.278,0xFF01,279,1,0,0,0,0,0,0,0,1,1,1,1,1,1,1,1
17:03:31.288,0xFF01,280,1,0,0,0,0,0,0,0,1,1,1,1,1,1,1,1
17:03:31.298,0xFF01,281,1,0,0,0,0,0,0,0,1,1,1,1,1,1,1,1
17:03:31.308,0xFF03,282,1,1,0,0,0,0,0,0,1,1,1,1,1,1,1,1
17:03:31.318,0xFF01,283,1,0,0,0,0,0,0,0,1,1,1,1,1,1,1,1
17:03:31.328,0xFF01,284,1,0,0,0,0,0,0,0,1,1,1,1,1,1,1,1
17:03:31.338,0xFF01,285,1,0,0,0,0,0,0,0,1,1,1,1,1,1,1,1
17:03:31.348,0xFF01,286,1,0,0,0,0,0,0,0,1,1,1,1,1,1,1,1
17:03:31.358,0xFF01,287,1,0,0,0,0,0,0,0,1,1,1,1,1,1,1,1
17:03:31.368,0xFF01,288,1,0,0,0,0,0,0,0,1,1,1,1,1,1,1,1
17:03:31.378,0xFF01,289,1,0,0,0,0,0,0,0,1,1,1,1,1,1,1,1
17:03:31.388,0xFF01,290,1,0,0,0,0,0,0,0,1,1,1,1,1,1,1,1
17:03:31.398,0xFF01,291,1,0,0,0,0,0,0,0,1,1,1,1,1,1,1,1
17:03:31.408,0xFF01,292,1,0,0,0,0,0,0,0,1,1,1,1,1,1,1,1
17:03:31.418,0xFF01,293,1,0,0,0,0,0,0,0,1,1,1,1,1,1,1,1
17:03:31.428,0xFF03,294,1,1,0,0,0,0,0,0,1,1,1,1,1,1,1,1
17:03:31.438,0xFF01,295,1,0,0,0,0,0,0,0,1,1,1,1,1,1,1,1
17:03:31.448,0xFF01,296,1,0,0,0,0,0,0,0,1,1,1,1,1,1,1,1
17:03:31.458,0xFF01,297,1,0,0,0,0,0,0,0,1,1,1,1,1,1,1,1
17:03:31.468,0xFF01,298,1,0,0,0,0,0,0,0,1,1,1,1,1,1,1,1
17:03:31.478,0xFF01,299,1,0,0,0,0,0,0,0,1,1,1,1,1,1,1,1
17:03:31.488,0xFF01,300,1,0,0,0,0,0,0,0,1,1,1,1,1,1,1,1
17:03:31.498,0xFF01,301,1,0,0,0,0,0,0,0,1,1,1,1,1,1,1,1
17:03:31.508,0xFF03,302,1,1,0,0,0,0,0,0,1,1,1,1,1,1,1,1
17:03:31.518,0xFF01,303,1,0,0,0,0,0,0,0,1,1,1,1,1,1,1,1
17:03:31.528,0xFF01,304,1,0,0,0,0,0,0,0,1,1,1,1,1,1,1,1
17:03:31.538,0xFF01,305,1,0,0,0,0,0,0,0,1,1,1,1,1,1,1,1
17:03:31.548,0xFF03,306,1,1,0,0,0,0,0,0,1,1,1,1,1,1,1,1
17:03:31.558,0xFF01,307,1,0,0,0,0,0,0,0,1,1,1,1,1,1,1,1
17:03:31.568,0xFF01,308,1,0,0,0,0,0,0,0,1,1,1,1,1,1,1,1
17:03:31.578,0xFF01,309,1,0,0,0,0,0,0,0,1,1,1,1,1,1,1,1
17:03:31.588,0xFF01,310,1,0,0,0,0,0,0,0,1,1,1,1,1,1,1,1
17:03:31.598,0xFF01,311,1,0,0,0,0,0,0,0,1,1,1,1,1,1,1,1
17:03:31.608,0xFF01,312,1,0,0,0,0,0,0,0,1,1,1,1,1,1,1,1
17:03:31.618,0xFF01,313,1,0,0,0,0,0,0,0,1,1,1,1,1,1,1,1
17:03:31.628,0xFF01,314,1,0,0,0,0,0,0,0,1,1,1,1,1,1,1,1
17:03:31.638,0xFF01,315,1,0,0,0,0,0,0,0,1,1,1,1,1,1,1,1
17:03:31.648,0xFF01,316,1,0,0,0,0,0,0,0,1,1,1,1,1,1,1,1
17:03:31.658,0xFF01,317,1,0,0,0,0,0,0,0,1,1,1,1,1,1,1,1
17:03:31.667,0xFF03,318,1,1,0,0,0,0,0,0,1,1,1,1,1,1,1,1
17:03:31.677,0xFF01,319,1,0,0,0,0,0,0,0,1,1,1,1,1,1,1,1
17:03:31.687,0xFF01,320,1,0,0,0,0,0,0,0,1,1,1,1,1,1,1,1
17:03:31.697,0xFF01,321,1,0,0,0,0,0,0,0,1,1,1,1,1,1,1,1
17:03:31.707,0xFF01,322,1,0,0,0,0,0,0,0,1,1,1,1,1,1,1,1
17:03:31.717,0xFF01,323,1,0,0,0,0,0,0,0,1,1,1,1,1,1,1,1
17:03:31.727,0xFF01,324,1,0,0,0,0,0,0,0,1,1,1,1,1,1,1,1
17:03:31.737,0xFF01,325,1,0,0,0,0,0,0,0,1,1,1,1,1,1,1,1
17:03:31.747,0xFF01,326,1,0,0,0,0,0,0,0,1,1,1,1,1,1,1,1
17:03:31.757,0xFF01,327,1,0,0,0,0,0,0,0,1,1,1,1,1,1,1,1
17:03:31.767,0xFF01,328,1,0,0,0,0,0,0,0,1,1,1,1,1,1,1,1
17:03:31.777,0xFF01,329,1,0,0,0,0,0,0,0,1,1,1,1,1,1,1,1
17:03:31.787,0xFF03,330,1,1,0,0,0,0,0,0,1,1,1,1,1,1,1,1
17:03:31.797,0xFF01,331,1,0,0,0,0,0,0,0,1,1,1,1,1,1,1,1
17:03:31.807,0xFF01,332,1,0,0,0,0,0,0,0,1,1,1,1,1,1,1,1
17:03:31.817,0xFF01,333,1,0,0,0,0,0,0,0,1,1,1,1,1,1,1,1
17:03:31.827,0xFF01,334,1,0,0,0,0,0,0,0,1,1,1,1,1,1,1,1
17:03:31.837,0xFF01,335,1,0,0,0,0,0,0,0,1,1,1,1,1,1,1,1
17:03:31.847,0xFF01,336,1,0,0,0,0,0,0,0,1,1,1,1,1,1,1,1
17:03:31.857,0xFF01,337,1,0,0,0,0,0,0,0,1,1,1,1,1,1,1,1
17:03:31.867,0xFF01,338,1,0,0,0,0,0,0,0,1,1,1,1,1,1,1,1
17:03:31.877,0xFF01,339,1,0,0,0,0,0,0,0,1,1,1,1,1,1,1,1
17:03:31.887,0xFF01,340,1,0,0,0,0,0,0,0,1,1,1,1,1,1,1,1
17:03:31.897,0xFF01,341,1,0,0,0,0,0,0,0,1,1,1,1,1,1,1,1
17:03:31.907,0xFF03,342,1,1,0,0,0,0,0,0,1,1,1,1,1,1,1,1
17:03:31.917,0xFF01,343,1,0,0,0,0,0,0,0,1,1,1,1,1,1,1,1
17:03:31.927,0xFF01,344,1,0,0,0,0,0,0,0,1,1,1,1,1,1,1,1
17:03:31.937,0xFF01,345,1,0,0,0,0,0,0,0,1,1,1,1,1,1,1,1
17:03:31.947,0xFF01,346,1,0,0,0,0,0,0,0,1,1,1,1,1,1,1,1
17:03:31.957,0xFF01,347,1,0,0,0,0,0,0,0,1,1,1,1,1,1,1,1
17:03:31.967,0xFF01,348,1,0,0,0,0,0,0,0,1,1,1,1,1,1,1,1
17:03:31.977,0xFF01,349,1,0,0,0,0,0,0,0,1,1,1,1,1,1,1,1
17:03:31.987,0xFF01,350,1,0,0,0,0,0,0,0,1,1,1,1,1,1,1,1
17:03:31.997,0xFF01,351,1,0,0,0,0,0,0,0,1,1,1,1,1,1,1,1
17:03:32.007,0xFF01,352,1,0,0,0,0,0,0,0,1,1,1,1,1,1,1,1
17:03:32.017,0xFF01,353,1,0,0,0,0,0,0,0,1,1,1,1,1,1,1,1
17:03:32.027,0xFF03,354,1,1,0,0,0,0,0,0,1,1,1,1,1,1,1,1
17:03:32.037,0xFF01,355,1,0,0,0,0,0,0,0,1,1,1,1,1,1,1,1
17:03:32.048,0xFF01,356,1,0,0,0,0,0,0,0,1,1,1,1,1,1,1,1
17:03:32.057,0xFF01,357,1,0,0,0,0,0,0,0,1,1,1,1,1,1,1,1
17:03:32.067,0xFF01,358,1,0,0,0,0,0,0,0,1,1,1,1,1,1,1,1
17:03:32.077,0xFF01,359,1,0,0,0,0,0,0,0,1,1,1,1,1,1,1,1
17:03:32.087,0xFF01,360,1,0,0,0,0,0,0,0,1,1,1,1,1,1,1,1
17:03:32.097,0xFF01,361,1,0,0,0,0,0,0,0,1,1,1,1,1,1,1,1
17:03:32.107,0xFF01,362,1,0,0,0,0,0,0,0,1,1,1,1,1,1,1,1
17:03:32.117,0xFF01,363,1,0,0,0,0,0,0,0,1,1,1,1,1,1,1,1
17:03:32.127,0xFF01,364,1,0,0,0,0,0,0,0,1,1,1,1,1,1,1,1
17:03:32.137,0xFF01,365,1,0,0,0,0,0,0,0,1,1,1,1,1,1,1,1
17:03:32.147,0xFF03,366,1,1,0,0,0,0,0,0,1,1,1,1,1,1,1,1
17:03:32.157,0xFF01,367,1,0,0,0,0,0,0,0,1,1,1,1,1,1,1,1
17:03:32.167,0xFF01,368,1,0,0,0,0,0,0,0,1,1,1,1,1,1,1,1
17:03:32.187,0xFF01,369,1,0,0,0,0,0,0,0,1,1,1,1,1,1,1,1
17:03:32.197,0xFF01,370,1,0,0,0,0,0,0,0,1,1,1,1,1,1,1,1
17:03:32.207,0xFF01,371,1,0,0,0,0,0,0,0,1,1,1,1,1,1,1,1
17:03:32.217,0xFF01,372,1,0,0,0,0,0,0,0,1,1,1,1,1,1,1,1
17:03:32.227,0xFF03,373,1,1,0,0,0,0,0,0,1,1,1,1,1,1,1,1
17:03:32.237,0xFF01,374,1,0,0,0,0,0,0,0,1,1,1,1,1,1,1,1
17:03:32.246,0xFF01,375,1,0,0,0,0,0,0,0,1,1,1,1,1,1,1,1
17:03:32.256,0xFF01,376,1,0,0,0,0,0,0,0,1,1,1,1,1,1,1,1
17:03:32.266,0xFF03,377,1,1,0,0,0,0,0,0,1,1,1,1,1,1,1,1
17:03:32.276,0xFF01,378,1,0,0,0,0,0,0,0,1,1,1,1,1,1,1,1
17:03:32.286,0xFF01,379,1,0,0,0,0,0,0,0,1,1,1,1,1,1,1,1
17:03:32.296,0xFF01,380,1,0,0,0,0,0,0,0,1,1,1,1,1,1,1,1
17:03:32.306,0xFF01,381,1,0,0,0,0,0,0,0,1,1,1,1,1,1,1,1
17:03:32.316,0xFF01,382,1,0,0,0,0,0,0,0,1,1,1,1,1,1,1,1
17:03:32.326,0xFF01,383,1,0,0,0,0,0,0,0,1,1,1,1,1,1,1,1
17:03:32.336,0xFF01,384,1,0,0,0,0,0,0,0,1,1,1,1,1,1,1,1
17:03:32.346,0xFF03,385,1,1,0,0,0,0,0,0,1,1,1,1,1,1,1,1
17:03:32.356,0xFF01,386,1,0,0,0,0,0,0,0,1,1,1,1,1,1,1,1
17:03:32.366,0xFF01,387,1,0,0,0,0,0,0,0,1,1,1,1,1,1,1,1
17:03:32.376,0xFF01,388,1,0,0,0,0,0,0,0,1,1,1,1,1,1,1,1
17:03:32.386,0xFF03,389,1,1,0,0,0,0,0,0,1,1,1,1,1,1,1,1
17:03:32.396,0xFF01,390,1,0,0,0,0,0,0,0,1,1,1,1,1,1,1,1
17:03:32.406,0xFF01,391,1,0,0,0,0,0,0,0,1,1,1,1,1,1,1,1
17:03:32.416,0xFF03,392,1,1,0,0,0,0,0,0,1,1,1,1,1,1,1,1
17:03:32.426,0xFF03,393,1,1,0,0,0,0,0,0,1,1,1,1,1,1,1,1
17:03:32.436,0xFF03,394,1,1,0,0,0,0,0,0,1,1,1,1,1,1,1,1
17:03:32.446,0xFF03,395,1,1,0,0,0,0,0,0,1,1,1,1,1,1,1,1
17:03:32.456,0xFF03,396,1,1,0,0,0,0,0,0,1,1,1,1,1,1,1,1
17:03:32.466,0xFF03,397,1,1,0,0,0,0,0,0,1,1,1,1,1,1,1,1
17:03:32.476,0xFF01,398,1,0,0,0,0,0,0,0,1,1,1,1,1,1,1,1
17:03:32.486,0xFF01,399,1,0,0,0,0,0,0,0,1,1,1,1,1,1,1,1
17:03:32.496,0xFF01,400,1,0,0,0,0,0,0,0,1,1,1,1,1,1,1,1
17:03:32.506,0xFF03,401,1,1,0,0,0,0,0,0,1,1,1,1,1,1,1,1
17:03:32.516,0xFF01,402,1,0,0,0,0,0,0,0,1,1,1,1,1,1,1,1
17:03:32.526,0xFF01,403,1,0,0,0,0,0,0,0,1,1,1,1,1,1,1,1
17:03:32.536,0xFF01,404,1,0,0,0,0,0,0,0,1,1,1,1,1,1,1,1
17:03:32.546,0xFF01,405,1,0,0,0,0,0,0,0,1,1,1,1,1,1,1,1
17:03:32.556,0xFF01,406,1,0,0,0,0,0,0,0,1,1,1,1,1,1,1,1
17:03:32.566,0xFF01,407,1,0,0,0,0,0,0,0,1,1,1,1,1,1,1,1
17:03:32.576,0xFF01,408,1,0,0,0,0,0,0,0,1,1,1,1,1,1,1,1
17:03:32.586,0xFF01,409,1,0,0,0,0,0,0,0,1,1,1,1,1,1,1,1
17:03:32.596,0xFF01,410,1,0,0,0,0,0,0,0,1,1,1,1,1,1,1,1
17:03:32.606,0xFF01,411,1,0,0,0,0,0,0,0,1,1,1,1,1,1,1,1
17:03:32.616,0xFF01,412,1,0,0,0,0,0,0,0,1,1,1,1,1,1,1,1
17:03:32.626,0xFF03,413,1,1,0,0,0,0,0,0,1,1,1,1,1,1,1,1
17:03:32.636,0xFF01,414,1,0,0,0,0,0,0,0,1,1,1,1,1,1,1,1
17:03:32.646,0xFF01,415,1,0,0,0,0,0,0,0,1,1,1,1,1,1,1,1
17:03:32.656,0xFF01,416,1,0,0,0,0,0,0,0,1,1,1,1,1,1,1,1
17:03:32.666,0xFF01,417,1,0,0,0,0,0,0,0,1,1,1,1,1,1,1,1
17:03:32.676,0xFF01,418,1,0,0,0,0,0,0,0,1,1,1,1,1,1,1,1
17:03:32.686,0xFF01,419,1,0,0,0,0,0,0,0,1,1,1,1,1,1,1,1
17:03:32.696,0xFF01,420,1,0,0,0,0,0,0,0,1,1,1,1,1,1,1,1
17:03:32.706,0xFF01,421,1,0,0,0,0,0,0,0,1,1,1,1,1,1,1,1
17:03:32.716,0xFF01,422,1,0,0,0,0,0,0,0,1,1,1,1,1,1,1,1
17:03:32.726,0xFF01,423,1,0,0,0,0,0,0,0,1,1,1,1,1,1,1,1
17:03:32.736,0xFF01,424,1,0,0,0,0,0,0,0,1,1,1,1,1,1,1,1
17:03:32.746,0xFF03,425,1,1,0,0,0,0,0,0,1,1,1,1,1,1,1,1
17:03:32.756,0xFF01,426,1,0,0,0,0,0,0,0,1,1,1,1,1,1,1,1
17:03:32.766,0xFF01,427,1,0,0,0,0,0,0,0,1,1,1,1,1,1,1,1
17:03:32.776,0xFF01,428,1,0,0,0,0,0,0,0,1,1,1,1,1,1,1,1
17:03:32.786,0xFF01,429,1,0,0,0,0,0,0,0,1,1,1,1,1,1,1,1
17:03:32.796,0xFF01,430,1,0,0,0,0,0,0,0,1,1,1,1,1,1,1,1
17:03:32.806,0xFF01,431,1,0,0,0,0,0,0,0,1,1,1,1,1,1,1,1
17:03:32.816,0xFF01,432,1,0,0,0,0,0,0,0,1,1,1,1,1,1,1,1
17:03:32.826,0xFF01,433,1,0,0,0,0,0,0,0,1,1,1,1,1,1,1,1
17:03:32.835,0xFF01,434,1,0,0,0,0,0,0,0,1,1,1,1,1,1,1,1
17:03:32.845,0xFF01,435,1,0,0,0,0,0,0,0,1,1,1,1,1,1,1,1
17:03:32.855,0xFF01,436,1,0,0,0,0,0,0,0,1,1,1,1,1,1,1,1
17:03:32.865,0xFF03,437,1,1,0,0,0,0,0,0,1,1,1,1,1,1,1,1
17:03:32.875,0xFF01,438,1,0,0,0,0,0,0,0,1,1,1,1,1,1,1,1
17:03:32.885,0xFF01,439,1,0,0,0,0,0,0,0,1,1,1,1,1,1,1,1
17:03:32.895,0xFF01,440,1,0,0,0,0,0,0,0,1,1,1,1,1,1,1,1
17:03:32.905,0xFF01,441,1,0,0,0,0,0,0,0,1,1,1,1,1,1,1,1
17:03:32.915,0xFF01,442,1,0,0,0,0,0,0,0,1,1,1,1,1,1,1,1
17:03:32.925,0xFF01,443,1,0,0,0,0,0,0,0,1,1,1,1,1,1,1,1
17:03:32.935,0xFF01,444,1,0,0,0,0,0,0,0,1,1,1,1,1,1,1,1
17:03:32.945,0xFF01,445,1,0,0,0,0,0,0,0,1,1,1,1,1,1,1,1
17:03:32.956,0xFF01,446,1,0,0,0,0,0,0,0,1,1,1,1,1,1,1,1
17:03:32.965,0xFF01,447,1,0,0,0,0,0,0,0,1,1,1,1,1,1,1,1
17:03:32.975,0xFF01,448,1,0,0,0,0,0,0,0,1,1,1,1,1,1,1,1
17:03:32.985,0xFF03,449,1,1,0,0,0,0,0,0,1,1,1,1,1,1,1,1
17:03:32.995,0xFF01,450,1,0,0,0,0,0,0,0,1,1,1,1,1,1,1,1
17:03:33.005,0xFF01,451,1,0,0,0,0,0,0,0,1,1,1,1,1,1,1,1
17:03:33.015,0xFF01,452,1,0,0,0,0,0,0,0,1,1,1,1,1,1,1,1
17:03:33.025,0xFF01,453,1,0,0,0,0,0,0,0,1,1,1,1,1,1,1,1
17:03:33.035,0xFF01,454,1,0,0,0,0,0,0,0,1,1,1,1,1,1,1,1
17:03:33.045,0xFF01,455,1,0,0,0,0,0,0,0,1,1,1,1,1,1,1,1
17:03:33.055,0xFF01,456,1,0,0,0,0,0,0,0,1,1,1,1,1,1,1,1
17:03:33.065,0xFF03,457,1,1,0,0,0,0,0,0,1,1,1,1,1,1,1,1
17:03:33.075,0xFF01,458,1,0,0,0,0,0,0,0,1,1,1,1,1,1,1,1
17:03:33.085,0xFF01,459,1,0,0,0,0,0,0,0,1,1,1,1,1,1,1,1
17:03:33.095,0xFF01,460,1,0,0,0,0,0,0,0,1,1,1,1,1,1,1,1
17:03:33.105,0xFF03,461,1,1,0,0,0,0,0,0,1,1,1,1,1,1,1,1
17:03:33.115,0xFF01,462,1,0,0,0,0,0,0,0,1,1,1,1,1,1,1,1
17:03:33.125,0xFF01,463,1,0,0,0,0,0,0,0,1,1,1,1,1,1,1,1
17:03:33.135,0xFF01,464,1,0,0,0,0,0,0,0,1,1,1,1,1,1,1,1
17:03:33.145,0xFF01,465,1,0,0,0,0,0,0,0,1,1,1,1,1,1,1,1
17:03:33.155,0xFF01,466,1,0,0,0,0,0,0,0,1,1,1,1,1,1,1,1
17:03:33.165,0xFF01,467,1,0,0,0,0,0,0,0,1,1,1,1,1,1,1,1
17:03:33.185,0xFF03,468,1,1,0,0,0,0,0,0,1,1,1,1,1,1,1,1
17:03:33.195,0xFF01,469,1,0,0,0,0,0,0,0,1,1,1,1,1,1,1,1
17:03:33.205,0xFF01,470,1,0,0,0,0,0,0,0,1,1,1,1,1,1,1,1
17:03:33.215,0xFF01,471,1,0,0,0,0,0,0,0,1,1,1,1,1,1,1,1
17:03:33.225,0xFF03,472,1,1,0,0,0,0,0,0,1,1,1,1,1,1,1,1
17:03:33.235,0xFF01,473,1,0,0,0,0,0,0,0,1,1,1,1,1,1,1,1
17:03:33.245,0xFF01,474,1,0,0,0,0,0,0,0,1,1,1,1,1,1,1,1
17:03:33.255,0xFF01,475,1,0,0,0,0,0,0,0,1,1,1,1,1,1,1,1
17:03:33.265,0xFF01,476,1,0,0,0,0,0,0,0,1,1,1,1,1,1,1,1
17:03:33.275,0xFF01,477,1,0,0,0,0,0,0,0,1,1,1,1,1,1,1,1
17:03:33.285,0xFF01,478,1,0,0,0,0,0,0,0,1,1,1,1,1,1,1,1
17:03:33.295,0xFF01,479,1,0,0,0,0,0,0,0,1,1,1,1,1,1,1,1
17:03:33.305,0xFF01,480,1,0,0,0,0,0,0,0,1,1,1,1,1,1,1,1
17:03:33.315,0xFF01,481,1,0,0,0,0,0,0,0,1,1,1,1,1,1,1,1
17:03:33.325,0xFF01,482,1,0,0,0,0,0,0,0,1,1,1,1,1,1,1,1
17:03:33.335,0xFF01,483,1,0,0,0,0,0,0,0,1,1,1,1,1,1,1,1
17:03:33.345,0xFF03,484,1,1,0,0,0,0,0,0,1,1,1,1,1,1,1,1
17:03:33.355,0xFF01,485,1,0,0,0,0,0,0,0,1,1,1,1,1,1,1,1
17:03:33.365,0xFF01,486,1,0,0,0,0,0,0,0,1,1,1,1,1,1,1,1
17:03:33.375,0xFF01,487,1,0,0,0,0,0,0,0,1,1,1,1,1,1,1,1
17:03:33.385,0xFF01,488,1,0,0,0,0,0,0,0,1,1,1,1,1,1,1,1
17:03:33.395,0xFF01,489,1,0,0,0,0,0,0,0,1,1,1,1,1,1,1,1
17:03:33.405,0xFF01,490,1,0,0,0,0,0,0,0,1,1,1,1,1,1,1,1
17:03:33.415,0xFF01,491,1,0,0,0,0,0,0,0,1,1,1,1,1,1,1,1
17:03:33.425,0xFF01,492,1,0,0,0,0,0,0,0,1,1,1,1,1,1,1,1
17:03:33.435,0xFF01,493,1,0,0,0,0,0,0,0,1,1,1,1,1,1,1,1
17:03:33.445,0xFF01,494,1,0,0,0,0,0,0,0,1,1,1,1,1,1,1,1
17:03:33.455,0xFF01,495,1,0,0,0,0,0,0,0,1,1,1,1,1,1,1,1
17:03:33.464,0xFF03,496,1,1,0,0,0,0,0,0,1,1,1,1,1,1,1,1
